#,Title,Scope,Type,Reason,Status,Origin,ROM,Prime Totals,Commitment Totals,RFQs,Commitment COs,Prime PCOs
INT-003,Internal Cost Code Change,In Scope,Original Budget,Internal (do not send to sub),Closed,,$0.00 ,$0.00 ,$0.00 ,,2,
INT-002,Ladder Truss at Demising,In Scope,FP Contingency/Buyout,Internal (do not send to sub),Closed,,"$15,000.00 ",$0.00 ,$0.00 ,,,
INT-001,Internal CO M to S,In Scope,Original Budget,Internal (do not send to sub),Closed,,$0.00 ,$0.00 ,$0.00 ,,11,
162,Supply outdoor FEC,In Scope,FP Contingency/Buyout,Fp construction,Open,,$726.63 ,$0.00 ,$726.63 ,,1,
161,Unit Floor Prep,In Scope,FP Contingency/Buyout,Fp construction,Open,,"$6,540.44 ",$0.00 ,"$6,540.44 ",,1,
160,Barrier Gates,In Scope,FP Contingency/Buyout,Fp construction,Open,,"$3,075.00 ",$0.00 ,"$3,075.00 ",,1,
159,Additional Concrete Sidewalk,In Scope,FP Contingency/Buyout,Fp construction,Open,,"$2,856.00 ",$0.00 ,"$2,856.00 ",,1,
158,Install Ovens and Cooktops,In Scope,FP Contingency/Buyout,Fp construction,Open,,"$5,625.00 ",$0.00 ,"$5,625.00 ",,1,
157,Labor for Insulation,In Scope,FP Contingency/Buyout,Fp construction,Open,,$0.00 ,$0.00 ,$0.00 ,,2,
156,Elevator Wall Framing,In Scope,FP Contingency/Buyout,Fp construction,Closed,,"$5,960.00 ",$0.00 ,"$5,960.00 ",,1,
155,Additional Class 5,In Scope,FP Contingency/Buyout,Fp construction,Closed,,"$2,116.00 ",$0.00 ,"$2,116.00 ",,1,
154,Paint Microwave Shrouds,In Scope,FP Contingency/Buyout,Fp construction,Open,,"$5,000.00 ",$0.00 ,$0.00 ,,,
153,Irrigation System Repairs,In Scope,FP Contingency/Buyout,Fp construction,Open,,"$4,000.00 ",$0.00 ,$0.00 ,,,
152,Additional FE & FECs,In Scope,FP Contingency/Buyout,Fp construction,Closed,,"$2,760.00 ",$0.00 ,"$2,760.00 ",,1,
151,Additional Toilet Accessories,In Scope,FP Contingency/Buyout,Fp construction,Closed,,"$6,906.50 ",$0.00 ,"$6,906.50 ",,1,
150,Contingency: Ballast Materials,Out of Scope,Owner Contingency,Owner request,Closed,,$0.00 ,$0.00 ,"$19,758.00 ",,1,PCO #CONT-027
149,HM Frame Repairs,In Scope,FP Contingency/Buyout,Fp construction,Closed,,"$17,628.00 ",$0.00 ,"$17,628.00 ",,1,
148,High Early Concrete Approach Apron,In Scope,FP Contingency/Buyout,Fp construction,Closed,,$500.00 ,$0.00 ,$500.00 ,,1,
147,Additional Grab Bars,In Scope,FP Contingency/Buyout,Fp construction,Closed,,"$5,624.40 ",$0.00 ,"$5,624.40 ",,1,
146,Construction Contingency: Storage Cages,In Scope,FP Contingency/Buyout,Fp construction,Closed,,$0.00 ,$0.00 ,$0.00 ,,,PCO #CONT-026
145,Repair Trellis and Replace Door,In Scope,FP Contingency/Buyout,Fp construction,Closed,,"$1,200.00 ",$0.00 ,"$1,200.00 ",,1,
144,Adjustment to CCO 004 for correct value,In Scope,FP Contingency/Buyout,Fp construction,Closed,,$483.00 ,$0.00 ,$483.00 ,,1,
143,Install Treated OSB at Balconies,In Scope,FP Contingency/Buyout,Fp construction,Closed,,"$4,913.00 ",$0.00 ,"$4,913.00 ",,1,
142,Progress Cleaning,In Scope,FP Contingency/Buyout,Fp construction,Closed,,"$2,641.00 ",$0.00 ,"$2,641.00 ",,1,
141,Intumescent Painting at LL beam,In Scope,FP Contingency/Buyout,Fp construction,Closed,,"$1,640.00 ",$0.00 ,"$1,640.00 ",,1,
140,Additional Floro Prep,In Scope,FP Contingency/Buyout,Fp construction,Closed,,"$1,830.10 ",$0.00 ,$0.00 ,,,
139,Install Lintel Plate Garage,In Scope,FP Contingency/Buyout,Fp construction,Closed,,"$1,430.00 ",$0.00 ,"$1,430.00 ",,1,
138,Additional Flooring Prep,In Scope,FP Contingency/Buyout,Fp construction,Closed,,"$1,272.90 ",$0.00 ,"$1,272.90 ",,1,
137,Credit for Storefronts,Out of Scope,FP Contingency/Buyout,Fp construction,Open,,$0.00 ,$0.00 ,$0.00 ,,,
136,"Contingency: Additional 24"" Grab Bars",Out of Scope,Owner Contingency,Owner request,Closed,,$0.00 ,$0.00 ,$938.00 ,,1,PCO #CONT-025
135,Added FE Cabinet and Extinguisher,Out of Scope,FP Contingency/Buyout,Fp construction,Closed,,$625.00 ,$0.00 ,$625.00 ,,1,
134,Contingency Use: Thickend Slab at Community Room Patio,Out of Scope,Owner Contingency,Arch/eng,Closed,,$0.00 ,$0.00 ,"$4,295.00 ",,1,PCO #CONT-024
133,Attic Stock Grab bars,Out of Scope,Owner Contingency,Owner request,Void,,$0.00 ,$0.00 ,$0.00 ,,,
132,L2 Roof Membrane Repairs,In Scope,FP Contingency/Buyout,Fp construction,Closed,,$0.00 ,$0.00 ,"$2,329.13 ",,3,
131,Contingency: ASI 013,Out of Scope,Owner Contingency,Arch/eng,Closed,,$0.00 ,$0.00 ,"$4,965.44 ",,1,PCO #CONT-023
130,Change the swing at the unit Corner Cabinets,Out of Scope,Owner Contingency,Owner request,Open,,$0.00 ,$0.00 ,$0.00 ,,,
129,Access Panel Supply,In Scope,FP Contingency/Buyout,Fp construction,Closed,,$533.05 ,$0.00 ,$533.05 ,,1,
128,Contingency Use: Winter Conditions ,Out of Scope,Owner Contingency,Winter conditions,Closed,,$0.00 ,$0.00 ,"$1,762.50 ",,1,PCO #CONT-022
127,Gypcrete Remobilize ,In Scope,FP Contingency/Buyout,Fp construction,Void,,$0.00 ,$0.00 ,$0.00 ,,,
126,WDP-1 Supply,In Scope,Original Budget,Fp construction,Closed,,"$4,500.00 ",$0.00 ,"$4,500.00 ",,1,
125,Install Pergolas,In Scope,Original Budget,Fp construction,Closed,,"$9,600.00 ",$0.00 ,"$9,600.00 ",,1,
124,Additional Framing Work,In Scope,FP Contingency/Buyout,Fp construction,Closed,,"$12,038.00 ",$0.00 ,"$12,038.00 ",,1,
123,Corner Guards,In Scope,FP Contingency/Buyout,Fp construction,Closed,,$503.10 ,$0.00 ,$503.10 ,,1,
122,Patio Grill,In Scope,FP Contingency/Buyout,Fp construction,Closed,,"$2,942.22 ",$0.00 ,"$2,942.22 ",,1,
121,Remove L3 ADA Unit Floor Drain,Out of Scope,Owner Contingency,Owner request,Void,,$0.00 ,$0.00 ,$0.00 ,,,
120,Added Soffit for HVAC at Common Area Restrooms,TBD,Allowance,Ahj,Void,,$0.00 ,$0.00 ,$0.00 ,,,
119,Bidet outlet at unit 1102,Out of Scope,Owner Contingency,Owner request,Open,,$0.00 ,$0.00 ,$0.00 ,,,
118,Wall Covering (WCP-1) at existing reception.,Out of Scope,Owner Contingency,Owner request,Void,,$0.00 ,$0.00 ,$0.00 ,,,
117,Pergola Install,In Scope,Original Budget,Fp construction,Closed,,"$9,600.00 ",$0.00 ,$0.00 ,,,
116,Elevator Divider Beams,In Scope,FP Contingency/Buyout,Fp construction,Closed,,$900.00 ,$0.00 ,$900.00 ,,1,
115,Trellis Materials,In Scope,FP Contingency/Buyout,Fp construction,Closed,,"$1,032.67 ",$0.00 ,"$1,032.67 ",,1,
114,Window Treatment Opacity ,In Scope,Owner Contingency,Owner request,Closed,,"($1,250.00)","($1,250.00)","($1,250.00)",,1,PCO #036
113,Additional Shower Rods for Units,In Scope,FP Contingency/Buyout,Fp construction,Closed,,"$5,062.85 ",$0.00 ,"$5,062.85 ",,1,
112,Auto-Operator at Opening 004 Pet Spa,Out of Scope,Owner Contingency,Owner request,Closed,,$0.00 ,$0.00 ,"$6,600.00 ",,1,PCO #CONT-020
111,Auto-Operator at Opening 001 Elevator Lobby,In Scope,FP Contingency/Buyout,Fp construction,Closed,,"$6,600.00 ",$0.00 ,"$6,600.00 ",,1,
110,ASI 012 - Trash Chute Exhaust ,Out of Scope,Owner Contingency,Arch/eng,Closed,,$0.00 ,$0.01 ,"$3,660.00 ",,2,PCO #CONT-021
109,Sprinkler Piping at Lower Level,Out of Scope,Owner Contingency,Ahj,Void,,$0.00 ,$0.00 ,$0.00 ,,,
108,Ground Break Flashing,In Scope,FP Contingency/Buyout,Fp construction,Closed,,"$18,956.00 ",$0.00 ,"$18,956.00 ",,1,
107,Expansion Joint,In Scope,FP Contingency/Buyout,Fp construction,Closed,,"$7,695.00 ",$0.00 ,"$7,695.00 ",,1,
106,Replace Damaged Cabinet ,In Scope,FP Contingency/Buyout,Fp construction,Closed,,"$1,135.31 ",$0.00 ,"$1,135.31 ",,1,
105,Add Adjustable Shelving at Linen Restroom,Out of Scope,Owner Contingency,Owner request,Closed,,$0.00 ,$0.00 ,"$1,027.19 ",,1,PCO #CONT-019
104,Administrative Update to Milestone Terminology (Ref: PCO 008),In Scope,Owner Contingency,Owner request,Closed,,$0.00 ,$0.00 ,$0.00 ,,,PCO #034
103,ASI 011,Out of Scope,Owner Contingency,Arch/eng,Closed,,$0.00 ,$0.00 ,$0.00 ,,,
102,Ph 1 Corridor Removal,In Scope,FP Contingency/Buyout,Fp construction,Closed,,($365.19),$0.00 ,($365.19),,2,
101,Additonal Building Wrap Materials,TBD,FP Contingency/Buyout,Fp construction,Closed,,"$4,566.12 ",$0.00 ,"$4,566.12 ",,1,
100,Winter Conditions,Out of Scope,Owner Contingency,Winter conditions,Closed,,"$21,775.99 ","$22,755.91 ",$0.00 ,,,PCO #033
99,Dedicated Circuits at Cardio 108,Out of Scope,Owner Contingency,Owner request,Closed,,$800.00 ,$836.00 ,$800.00 ,,1,PCO #CONT-018
98,Project Insulation,In Scope,FP Contingency/Buyout,Fp construction,Closed,,"($41,476.26)",$0.00 ,"($41,476.26)",,1,
97,Project Insulation,In Scope,FP Contingency/Buyout,Fp construction,Closed,,"($41,476.26)",$0.00 ,"($41,476.26)",,1,
96,Unit 3101 Flooring and Outlet,In Scope,Owner Contingency,Owner request,Closed,,$910.00 ,$950.96 ,$910.00 ,,2,PCO #032
95,Additional Rock for Entrance,In Scope,FP Contingency/Buyout,Fp construction,Closed,,"$1,046.00 ",$0.00 ,"$1,046.00 ",,1,
94,Long Vent ADA Dryers,In Scope,FP Contingency/Buyout,Fp construction,Closed,,$71.37 ,$0.00 ,$71.37 ,,1,
91,Dedicated Circuit at Cardio 108,Out of Scope,Owner Contingency,Owner request,Closed,,$0.00 ,$0.00 ,$0.00 ,,,
90,Auto-flush Valves ,TBD,Allowance,Ahj,Void,,$0.00 ,$0.00 ,$0.00 ,,,
89,Additional Insulation,In Scope,FP Contingency/Buyout,Fp construction,Closed,,"$14,890.00 ",$0.00 ,"$14,890.00 ",,1,
88,Additional Mirrors,In Scope,FP Contingency/Buyout,Fp construction,Closed,,$974.68 ,$0.00 ,$974.68 ,,1,
87,Additional Caulking,In Scope,FP Contingency/Buyout,Fp construction,Closed,,"$1,005.00 ",$0.00 ,"$1,005.00 ",,1,
86,Additional Plumbing and Tubs,In Scope,FP Contingency/Buyout,Fp construction,Closed,,"$12,745.00 ",$0.00 ,"$12,745.00 ",,1,
85,Quartz Windowsill and Unit Vanity Tops,In Scope,Owner Contingency,Fp construction,Closed,,"($24,258.80)","($24,258.80)","($24,258.80)",,1,PCO #030
84,Winter Conditions,Out of Scope,Owner Contingency,Winter conditions,Closed,,"$49,296.67 ","$51,515.02 ",$0.00 ,,,PCO #029
83,ASI 010,Out of Scope,Owner Contingency,Arch/eng,Closed,,"$3,799.00 ","$3,969.96 ","$3,799.00 ",,3,PCO #031
82,Contingency: Added Fire Extinguishers Phase 1,Out of Scope,Owner Contingency,Arch/eng,Closed,,$0.00 ,$0.00 ,"$1,148.00 ",,1,PCO #CONT-017
81,Contingency: Unit Lighting Control Changes,Out of Scope,Owner Contingency,Owner request,Closed,,$0.00 ,$0.00 ,"$3,975.00 ",,1,PCO #CONT-016
80,Balance to complete ACT Contract,In Scope,Original Budget,Fp construction,Closed,,"$14,900.00 ",$0.00 ,"$14,900.00 ",,1,
79,Additional Build Wrap,In Scope,Original Budget,Fp construction,Closed,,"$6,922.16 ",$0.00 ,"$6,922.16 ",,1,
78,Supply Toilet Partitions,In Scope,Original Budget,Fp construction,Closed,,"$9,480.00 ",$0.00 ,"$9,480.00 ",,1,
77,Contingency: Bike Racks,Out of Scope,Owner Contingency,Owner request,Closed,,$0.00 ,$0.00 ,"$2,945.00 ",,1,PCO #CONT-014
76,Remodel Work at Existing,In Scope,FP Contingency/Buyout,Fp construction,Closed,,"$11,700.00 ",$0.00 ,"$11,700.00 ",,1,
75,Contingency: Window Treatments,Out of Scope,Allowance,Owner request,Closed,,$0.00 ,$0.00 ,$0.00 ,,,PCO #CONT-013
74,Contingency: Latch Guards and Store Front Reinforcement ,Out of Scope,Owner Contingency,Owner request,Closed,,$0.00 ,$0.00 ,"$2,147.00 ",,1,PCO #CONT-012
73,Column Materials   ,In Scope,Original Budget,Fp construction,Closed,,"$2,901.23 ",$0.00 ,"$2,901.23 ",,1,
72,Additional Build Wrap,In Scope,Original Budget,Fp construction,Closed,,"$4,865.63 ",$0.00 ,"$4,865.63 ",,1,
71,Additional Building Wrap Materials,In Scope,Original Budget,Fp construction,Closed,,"$5,159.73 ",$0.00 ,"$5,159.73 ",,1,
70,Install OTR Microwaves,In Scope,FP Contingency/Buyout,Fp construction,Closed,,$216.26 ,$0.00 ,$216.26 ,,1,
69,Silicone for Window and Patio Door Install,In Scope,Original Budget,Fp construction,Closed,,"$1,734.00 ",$0.00 ,"$1,734.00 ",,1,
68,Credit Back for Added Material Not Accepted,In Scope,FP Contingency/Buyout,Fp construction,Closed,,"$4,394.25 ",$0.00 ,"$4,394.25 ",,1,
67,ACT-4 and ACP-4 Finish Selections,Out of Scope,Owner Contingency,Allowance,Closed,,"$28,350.00 ","$29,625.75 ","$28,350.00 ",,1,PCO #024
66,Temp Base at Phase 1,In Scope,FP Contingency/Buyout,Fp construction,Closed,,"$1,017.50 ",$0.00 ,"$1,017.50 ",,1,
65,Materials for Balcony Trellises,In Scope,FP Contingency/Buyout,Fp construction,Closed,,"$6,358.32 ",$0.00 ,"$6,358.32 ",,1,
64,Supply Additional Plates for Sheer Walls and Post Pases,In Scope,FP Contingency/Buyout,Fp construction,Closed,,"$3,950.00 ",$0.00 ,"$3,950.00 ",,2,
63,ASI 009 Unit 2108 Deck Expansion,Out of Scope,Owner Contingency,Arch/eng,Closed,,"$5,142.14 ","$5,373.54 ","($2,594.25)",,3,PCO #026
62,Additional Roof Drains to Storm,Out of Scope,Owner Contingency,Arch/eng,Closed,,"$7,051.00 ","$7,368.30 ","$7,051.00 ",,1,PCO #023
61,Utility Line Elevation Conflict,Out of Scope,Owner Contingency,Arch/eng,Closed,,"$9,400.00 ","$9,823.00 ","$9,400.00 ",,1,PCO #025
60,Paint AL Unit Doors,Out of Scope,Owner Contingency,Owner request,Closed,RFI #56: AL Unit Doors,"$1,513.00 ","$1,581.09 ","$1,513.00 ",,1,PCO #022
59,Supply and Install WP-1,In Scope,FP Contingency/Buyout,Fp construction,Closed,,"$18,748.00 ",$0.00 ,"$18,748.00 ",,1,
58,"Contingency: Relocate HL Switches at Units B1, C1, C2",Out of Scope,Owner Contingency,Owner request,Closed,"RFI #74: Bathroom Switch Locations at B1, C1, C2, and F Units",$0.00 ,$0.00 ,"$1,925.00 ",,1,PCO #CONT-011
57,AL Unit Appliances,Out of Scope,Owner Contingency,Owner request,Closed,,"$5,232.89 ","$5,468.37 ","$4,932.89 ",,1,PCO #021
55,Test Window,In Scope,FP Contingency/Buyout,Fp construction,Closed,,$616.35 ,$0.00 ,$616.35 ,,1,
54,Winter Conditions,Out of Scope,Owner Contingency,Winter conditions,Closed,,$0.00 ,$0.00 ,$0.00 ,,,PCO #CONT-015
53,Storage Cages,Out of Scope,Owner Contingency,Owner request,Void,,$0.00 ,$0.00 ,$0.00 ,,,
52,Add zoning for Maintenance and Marketing Office,Out of Scope,Owner Contingency,Owner request,Closed,,"$3,500.00 ","$3,657.50 ","$3,500.00 ",,1,PCO #027
51,L2 Unit F Balcony,Out of Scope,Owner Contingency,Owner request,Void,,$0.00 ,$0.00 ,$0.00 ,,,
50,Contingency: Soft Close Toilet Seats,Out of Scope,Owner Contingency,Owner request,Closed,,$0.00 ,$0.00 ,"$3,354.00 ",,1,PCO #CONT-010
49,ASI 005 - Mirrors,Out of Scope,Owner Contingency,Owner request,Closed,,"$6,000.00 ","$6,270.00 ",$0.00 ,,,PCO #028
48,Supply Green Treat Plywood ,In Scope,FP Contingency/Buyout,Fp construction,Closed,,"$1,696.94 ",$0.00 ,"$1,696.94 ",,1,
47,Additional Lumber for Walls at AL Units,In Scope,FP Contingency/Buyout,Fp construction,Closed,,"$1,499.66 ",$0.00 ,"$1,499.66 ",,1,
46,Trex Decking Selection,In Scope,Owner Contingency,Arch/eng,Closed,,"($9,014.28)","($9,014.28)","($9,014.28)",,1,PCO #017
45,RFI 54 - Unit Balcony Privacy Screens,Out of Scope,Owner Contingency,Arch/eng,Closed,,"$8,601.38 ","$8,988.44 ","$8,601.38 ",,2,PCO #018
44,Unit Islands Top Overhang,In Scope,FP Contingency/Buyout,Fp construction,Closed,,"$3,500.00 ",$0.00 ,"$3,500.00 ",,1,
43,Door hardware Coordination Meeting,TBD,Allowance,Ahj,Void,,$0.00 ,$0.00 ,$0.00 ,,,
42,Window and Patio Door Drip Cap Flashing,In Scope,FP Contingency/Buyout,Fp construction,Closed,,"$4,845.00 ",$0.00 ,"$4,845.00 ",,1,
41,Elevator Cab Finish,In Scope,Owner Contingency,Arch/eng,Closed,,"($4,200.00)","($4,200.00)","($4,200.00)",,1,PCO #014
40,Unit Box Walk,Out of Scope,Owner Contingency,Owner request,Closed,,"$6,375.00 ","$6,661.88 ","$6,375.00 ",,1,PCO #020
39,ASI 007,Out of Scope,Owner Contingency,Arch/eng,Closed,,"($1,640.55)","($1,640.55)","($1,640.55)",,1,PCO #019
38,Deduct Light Fixture Allowance,In Scope,Allowance,Owner request,Closed,,"($150,000.00)","($150,000.00)","($150,000.00)",,1,PCO #015
37,Contingency:  Moen Voss Toilet Accessories,Out of Scope,Owner Contingency,Owner request,Closed,,$0.00 ,$0.00 ,$0.00 ,,,PCO #CONT-009
36,CTW-5 Alternate at Unit Fireplaces,In Scope,Owner Contingency,Fp construction,Closed,,"($3,217.50)","($3,217.50)","($3,217.50)",,1,PCO #012
35,Window Washing Reconciliation ,In Scope,Original Budget,Ahj,Closed,,"($38,118.00)","($38,118.00)",$0.00 ,,,PCO #011
34,Mock-up Wall Panel,In Scope,FP Contingency/Buyout,Fp construction,Closed,,$463.43 ,$0.00 ,$463.43 ,,1,
33,Dewatering and Rock Road,In Scope,FP Contingency/Buyout,Fp construction,Closed,,"$11,098.00 ",$0.00 ,"$11,098.00 ",,2,
32,10-Year Sealed Lithium Detectors ,Out of Scope,Owner Contingency,Owner request,Closed,,"$1,690.00 ","$1,766.05 ","$1,690.00 ",,1,PCO #010
31,Eliminate Quartz Surround at Unit Fireplaces ,In Scope,FP Contingency/Buyout,Fp construction,Closed,,"($8,430.45)",$0.00 ,"($8,430.45)",,1,
30,Contingency: 20-Mil Wear LVT in lieu of 12-Mil Wear,Out of Scope,Owner Contingency,Owner request,Closed,,$0.00 ,$0.00 ,"$44,430.75 ",,1,PCO #CONT-006
29,Contingency: Sound Mat and LVT AL Units,Out of Scope,Owner Contingency,Owner request,Closed,,$0.00 ,$0.00 ,"$2,999.50 ",,1,PCO #CONT-005
28,Contract Time Extension,Out of Scope,Owner Contingency,Ahj,Closed,,$0.00 ,$0.00 ,$0.00 ,,,PCO #008
27, Contingency: Fire Suppression Relocation at AL Units,Out of Scope,Owner Contingency,Fp construction,Closed,,$0.00 ,$0.00 ,"$1,200.00 ",,1,PCO #CONT-007
26,AL Units Sound Mat,Out of Scope,Owner Contingency,Owner request,Void,,$0.00 ,$0.00 ,$0.00 ,,,
25,Additional Precast Mobilization,In Scope,FP Contingency/Buyout,Fp construction,Closed,,$0.00 ,$0.00 ,$0.00 ,,2,
24,Pedestals for ADA Appliances,In Scope,Original Budget,Fp construction,Closed,,$860.71 ,$0.00 ,$860.71 ,,1,
23,ASI 006 - Phase 1 Corridor Addition,Out of Scope,Owner Contingency,Arch/eng,Closed,,"$31,051.75 ","$32,449.09 ","$29,256.75 ",,5,PCO #009
22,Marketing office electrical pricing RFI,TBD,Allowance,Ahj,Void,,$0.00 ,$0.00 ,$0.00 ,,,
21,AL Unit Light Switch Add,TBD,Allowance,Ahj,Void,,$0.00 ,$0.00 ,$0.00 ,,,
20,Additional Mobilization and Saw Cutting at Precast,In Scope,FP Contingency/Buyout,Fp construction,Closed,,"$1,875.00 ",$0.00 ,"$1,875.00 ",,1,
19,AL Unit Flooring,Out of Scope,Owner Contingency,Owner request,Void,,$0.00 ,$0.00 ,$0.00 ,,,
18,Contingency: Add Sound Mat to all Unit Carpeted Areas,Out of Scope,Owner Contingency,Owner request,Closed,,$0.00 ,$0.00 ,"$10,200.00 ",,1,PCO #CONT-004
17,Contingency: Solid Surface Tops 3cm,Out of Scope,Owner Contingency,Owner request,Closed,,$0.00 ,$0.00 ,"$19,396.95 ",,1,PCO #CONT-008
16,OHD Motor Change,In Scope,FP Contingency/Buyout,Fp construction,Closed,,"$6,000.00 ",$0.00 ,"$6,000.00 ",,1,
15,ASI 005,Out of Scope,Owner Contingency,Owner request,Closed,,"$76,505.98 ","$79,948.76 ","$73,535.98 ",,8,PCO #007
14,Contigency: Electrical Pad Changes,Out of Scope,Owner Contingency,Ahj,Closed,,$0.00 ,$0.00 ,"$1,781.87 ",,1,PCO #CONT-003
13,Contingency: 3hr Rated Expansion System ,Out of Scope,Owner Contingency,Allowance,Closed,,$0.00 ,$0.00 ,$0.00 ,,,PCO #CONT-002
12,ASI 004,Out of Scope,Owner Contingency,Arch/eng,Closed,,"$3,200.00 ","$3,344.00 ","$3,200.00 ",,1,PCO #006
11,ASI 003,Out of Scope,Owner Contingency,Arch/eng,Closed,,"$4,181.86 ","$4,370.04 ","$4,181.86 ",,3,PCO #005
10,Elevator Pit Ladder,In Scope,Original Budget,Fp construction,Void,,"$4,400.00 ",$0.00 ,$0.00 ,,1,
9,Radon Mitigation System,In Scope,Original Budget,Fp construction,Closed,,"$1,850.00 ",$0.00 ,"$1,850.00 ",,1,
8,Supply and Install Aluminum Railings,In Scope,Original Budget,Fp construction,Closed,,"$125,000.00 ",$0.00 ,"$125,000.00 ",,1,
7,Irrigation System Repair,Out of Scope,Owner Contingency,Fp construction,Closed,,$0.00 ,$0.00 ,"$4,387.00 ",,1,PCO #CONT-001
6,ASI 002 - Vertical Grab Bars at Units,Out of Scope,Owner Contingency,Arch/eng,Closed,,"$11,245.00 ","$11,751.03 ",$0.00 ,,,PCO #013
5,Provide and Install Poles and Power for Site Security,Out of Scope,Owner Contingency,Owner request,Closed,,"$21,285.00 ","$22,242.83 ","$21,285.00 ",,1,PCO #004
4,RFI 06 PVC Waterpipe ILO Ductile Iron Pipe,In Scope,Original Budget,Fp construction,Void,,"($7,500.00)",$0.00 ,"($7,500.00)",,1,
3,Fire Pump Credit,In Scope,Allowance,Allowance,Closed,,"($54,500.00)","($54,500.00)","($12,000.00)",,1,PCO #002
2,Marketing Office Finishes,Out of Scope,Owner Contingency,Owner request,Closed,,"$3,321.24 ","$3,470.70 ","$3,321.24 ",,3,PCO #016
1,OP3 CD Utility Revisions Allowance Reconcile,In Scope,Allowance,Allowance,Closed,,"($3,140.00)","($3,140.00)",$0.00 ,,,PCO #001
