Number,Contract Company,Contract Type,Title,ERP Status,Status,Executed,Original Contract Amount,Approved Change Orders,Revised Contract Amount,Pending Change Orders,Draft Change Orders,Invoiced,Payments Issued,% Paid,Remaining Balance Outstanding,Signatures Required,Private,Vendor,Primary Contact,Vendor Zip Code,Vendor Street,Vendor State,Company Name,Vendor Fax,Vendor Phone,Project Number,Project Name,Vendor City,Email Address,Signed Contract Received Date,Subcontract Type,Purchase Order Type,Subcontractor’s Authorized Representative,Subcontractor’s Fee % (Overhead and Profit on Change Orders),Contractor's Authorized Representative,Additional Insured
SC-25-117-029,WSB,Subcontract,Surveying,Synced,Approved,Yes,17750,0,17750,0,0,15513.47,0,0,17750,,Yes,WSB,,55416,"701 Xenia Ave S, Suite 300",MN,Fendler Patterson Construction,(763) 541-1700,(763) 541-4800,25-117,Orchard Path III,Minneapolis,,5/12/2025,FP Subcontract,,Jim Barich,10,Ben Urness,"Fendler Patterson Construction, Inc; PHS Apple Valley Senior Housing, Inc.; UMB Bank, National Association"
SC-25-117-031,Waterproofing by Experts,Subcontract,Waterproofing,Synced,Approved,Yes,108500,0,108500,0,0,103075,0,0,108500,,Yes,Waterproofing by Experts,,55014,448 Lilac St,MN,Fendler Patterson Construction,(651) 786-0555,(651) 786-5042,25-117,Orchard Path III,Lino Lakes,,6/26/2025,FP Subcontract,,Steve Messerich,10,Ben Urness,"Fendler Patterson Construction, Inc; PHS Apple Valley Senior Housing, Inc.; UMB Bank, National Association"
SC-25-117-200,Schindler Elevator Corporation,Subcontract,Elevators,Synced,Approved,No,317200,-4200,313000,0,0,215840,0,0,313000,,Yes,Schindler Elevator Corporation,,60673-3050,PO Box 93050,IL,Fendler Patterson Construction,(651) 406-5321,(651) 406-5335,25-117,Orchard Path III,Chicago,,,FP Subcontract,,Mats Holland,10,Ben Urness,"Fendler Patterson Construction, Inc; PHS Apple Valley Senior Housing, Inc.; UMB Bank, National Association"
PO-25-117-123,Alpine Cabinetry,Purchase Order,Casework Supply,Synced,Approved,Yes,539086.57,46290.31,585376.88,0,0,503189.69,0,0,585376.88,,Yes,Alpine Cabinetry,,56304,1646 Hwy 23 East,MN,Fendler Patterson Construction,,(320) 654-1609,25-117,Orchard Path III,St. Cloud,,7/14/2025,,,Ron Pegg,,Ben Urness,
SC-25-117-123,Leon's Countertops,Subcontract,Solid Surface Tops and Sills,Synced,Approved,Yes,241000,9646.83,250646.83,0,0,217414.7,0,0,250646.83,,Yes,Leon's Countertops,,55431,1800 W. 94th  Street,MN,Fendler Patterson Construction,,,25-117,Orchard Path III,Bloomington,,9/16/2025,FP Subcontract,,Issac Leon,10,Ben Urness,"Fendler Patterson Construction, Inc; PHS Apple Valley Senior Housing, Inc.; UMB Bank, National Association"
SC-25-117-220,J-Berd Mechanical Contractors,Subcontract,Plumbing and HVAC,Synced,Approved,Yes,1955000,33469,1988469,0,0,1876107.5,0,0,1988469,,Yes,J-Berd Mechanical Contractors,,56379,1 Industrial Blvd,MN,Fendler Patterson Construction,(320) 656-0312,(320) 656-0847,25-117,Orchard Path III,Sauk Rapids,,7/15/2025,FP Subcontract,,Jeremy Hartneck,10,Calvin Hayes,"Fendler Patterson Construction, Inc; PHS Apple Valley Senior Housing, Inc.; UMB Bank, National Association"
SC-25-117-030,"Gresser Companies, Inc.",Subcontract,Concrete and CMU,Synced,Approved,Yes,1155000,1143.62,1156143.62,0,0,1098336.44,0,0,1156143.62,,Yes,"Gresser Companies, Inc.",,55379,3 Checkered Flag Blvd,MN,Fendler Patterson Construction,(651) 454-4850,(651) 454-5976,25-117,Orchard Path III,Shakopee,,7/8/2025,FP Subcontract,,Matt Hartung,10,Calvin Hayes,"Fendler Patterson Construction, Inc; PHS Apple Valley Senior Housing, Inc.; UMB Bank, National Association"
SC-25-117-260,"Berd Electric, LLC",Subcontract,Electrical,Synced,Approved,Yes,1286375,-120600,1165775,85,0,1093355,0,0,1165775,,Yes,"Berd Electric, LLC",,56379,1 Industrial Blvd,MN,Fendler Patterson Construction,(320) 656-0312,(320) 656-0847,25-117,Orchard Path III,Sauk Rapids,,8/4/2025,FP Subcontract,,Brock Iverson,10,Calvin Hayes,"Fendler Patterson Construction, Inc; PHS Apple Valley Senior Housing, Inc.; UMB Bank, National Association"
SC-25-117-310,"Minnesota Utilities & Excavating, LLC",Subcontract,Earthwork and Utilities,Synced,Approved,Yes,696879,28595,725474,0,0,662339.05,0,0,725474,,Yes,"Minnesota Utilities & Excavating, LLC",,55025,13932 Lake Drive,MN,Fendler Patterson Construction,(651) 464-5536,(651) 464-5532,25-117,Orchard Path III,Forest Lake,,5/19/2025,FP Subcontract,,Charlie Wilson,10,Calvin Hayes,"Fendler Patterson Construction, Inc; PHS Apple Valley Senior Housing, Inc.; UMB Bank, National Association "
SC-25-117-034,"County Prestress & Precast, LLC",Subcontract,Precast Concrete,Synced,Approved,Yes,849366,10000,859366,0,0,816397.7,0,0,859366,,Yes,"County Prestress & Precast, LLC",,54023,1203 70th Avenue,WI,Fendler Patterson Construction,,(612) 202-1934,25-117,Orchard Path III,Roberts,,6/18/2025,FP Subcontract,,Andrew Seifert,10,Calvin Hayes,"PHS Apple Valley Senior Housing, Inc.; UMB Bank, National Association"
SC-25-117-210,Security Fire Sprinkler,Subcontract,Fire Suppression,Synced,Approved,Yes,333715,0,333715,0,0,315320.2,0,0,333715,,Yes,Security Fire Sprinkler,,56379,1 Industrial Blvd,MN,Fendler Patterson Construction,,(320) 656-0847,25-117,Orchard Path III,Sauk Rapids,,8/6/2025,FP Subcontract,,Mike Loren,10,Calvin Hayes,"Fendler Patterson Construction, Inc; PHS Apple Valley Senior Housing, Inc.; UMB Bank, National Association"
SC-25-117-062,JB Finishes,Subcontract,Finish Carpentry,Synced,Approved,Yes,220000,5625,225625,0,0,206292.5,0,0,225625,,Yes,JB Finishes,,55379,587 Citation Dr,MN,Fendler Patterson Construction,,,25-117,Orchard Path III,Shakopee,,10/7/2025,FP Subcontract,,Alec Vanasse,10,Ben Urness,"Fendler Patterson Construction, Inc; PHS Apple Valley Senior Housing, Inc.; UMB Bank, National Association"
SC-25-117-051,"D G Welding & Mfg., Inc.",Subcontract,Structural Steel and Metals,Synced,Approved,Yes,109395,147755,257150,0,0,188997.75,0,0,257150,,Yes,"D G Welding & Mfg., Inc.",,55121,3265 Sun Drive,MN,Fendler Patterson Construction,(651) 688-2466,(651) 688-2358,25-117,Orchard Path III,Eagan,,6/10/2025,FP Subcontract,,Quianna Dolney,10,Ben Urness,"Fendler Patterson Construction, Inc; PHS Apple Valley Senior Housing, Inc.; UMB Bank, National Association"
SC-25-117-022,"Lloyd's Construction Services, Inc.",Subcontract,Demolition,Synced,Approved,No,32480,1875,34355,0,0,34355,0,0,34355,,Yes,"Lloyd's Construction Services, Inc.",,55379,6528 County Road 101 E,MN,Fendler Patterson Construction,(952) 746-5800,(952) 746-5832,25-117,Orchard Path III,Shakopee,,,FP Subcontract,,Tony Hauck,10,Ben Urness,"Fendler Patterson Construction, Inc; PHS Apple Valley Senior Housing, Inc.; UMB Bank, National Association"
SC-25-117-061,Wolf Construction,Subcontract,Rough Carpentry Installation,Synced,Approved,Yes,740060,29967.5,770027.5,0,0,731526.12,0,0,770027.5,,Yes,Wolf Construction,,50265,2202 Wolf Way,IA,Fendler Patterson Construction,,(515) 225-8866,25-117,Orchard Path III,West Des Moines,,9/10/2025,FP Subcontract,,Jon VanDis,10,Calvin Hayes,"Fendler Patterson Construction, Inc; PHS Apple Valley Senior Housing, Inc.; UMB Bank, National Association"
PO-25-117-061,Mayfield Truss LLC,Purchase Order,Wall Panels and Trusses,Synced,Approved,Yes,831855.34,2937.54,834792.88,0,0,834792.88,0,0,834792.88,,Yes,Mayfield Truss LLC,,57278,18409 SD Hwy 25,SD,Fendler Patterson Construction,(605) 861-1824,(605) 861-1800,25-117,Orchard Path III,Willow Lake,,6/11/2025,,,Kent Namken,,Calvin Hayes,
PO-25-117-062,McCarron's Building Center,Purchase Order,Loose Lumber,Synced,Approved,Yes,585000,11405.67,596405.67,2329.13,0,585540.64,0,0,596405.67,,Yes,McCarron's Building Center,,55025,23840 Lake Blvd,MN,Fendler Patterson Construction,,(651) 464-5427,25-117,Orchard Path III,Forest Lake,,5/27/2025,,,Josh Gustafson,,Calvin Hayes,
SC-25-117-083,"Twin City Garage Door Co., Inc.",Subcontract,Overhead Garage Doors,Synced,Approved,Yes,12700,6000,18700,0,0,0,0,0,18700,,Yes,"Twin City Garage Door Co., Inc.",,55428,5601 Boone Ave N,MN,Fendler Patterson Construction,(763) 533-9704,(763) 533-3838,25-117,Orchard Path III,New Hope,,6/26/2025,FP Subcontract,,Jamie Korva,10,Ben Urness,"Fendler Patterson Construction, Inc; PHS Apple Valley Senior Housing, Inc.; UMB Bank, National Association"
SC-25-117-149,Ver-tech Inc,Subcontract,Trash Chute,Synced,Approved,Yes,13000,0,13000,0,0,12350,0,0,13000,,Yes,Ver-tech Inc,,55373,6801 Bleck Drive,MN,Fendler Patterson Construction,,(763) 559-2590,25-117,Orchard Path III,Rockford,,7/10/2025,FP Subcontract,,David Vertin,10,Ben Urness,"Fendler Patterson Construction, Inc; PHS Apple Valley Senior Housing, Inc.; UMB Bank, National Association"
PO-25-117-085,Arrow Building Center,Purchase Order,Windows and Patio Doors,Synced,Approved,No,293248,616.35,293864.35,0,0,288700.85,0,0,293864.35,,Yes,Arrow Building Center,Mark Sandahl,55485,PO Box 856310,MN,Fendler Patterson Construction,,(651) 207-5196,25-117,Orchard Path III,Minneapolis,,,,FP Purchase Order,Ben Urness,,Dustin Paulson,
SC-25-117-323,"Autumn Ridge Landscaping, Inc.",Subcontract,Landscaping and Irrigation,Synced,Approved,Yes,190428,4387,194815,0,0,4167.65,0,0,194815,,Yes,"Autumn Ridge Landscaping, Inc.",,55357,8940 Greenfield Road,MN,Fendler Patterson Construction,(763) 498-7572,(763) 498-7574,25-117,Orchard Path III,Loretto,,6/2/2025,FP Subcontract,,Joe Grygelko,10,Ben Urness,"Fendler Patterson Construction, Inc; PHS Apple Valley Senior Housing, Inc.; UMB Bank, National Association"
PO-25-117-105,Atlanta 100 Corp,Purchase Order,Postal Specialties,Synced,Approved,Yes,11377.99,0,11377.99,0,0,11377.99,0,0,11377.99,,Yes,Atlanta 100 Corp,,30067,2395 Tuxedo Dr,GA,Fendler Patterson Construction,,(770) 973-6196,25-117,Orchard Path III,Marietta,,11/17/2025,,,Stephen McQuillen,,Ben Urness,
SC-25-117-103,Hearth & Home Technologies LLC,Subcontract,Manufactured Fireplaces ,Synced,Approved,Yes,139875,0,139875,0,0,132881.25,0,0,139875,,Yes,Hearth & Home Technologies LLC,,55113,2700 N. Fairview Ave.,MN,Fendler Patterson Construction,,,25-117,Orchard Path III,Roseville,,,FP Subcontract,,Mitch Zechmann,10,Ben Urness,"Fendler Patterson Construction, Inc; PHS Apple Valley Senior Housing, Inc.; UMB Bank, National Association"
SC-25-117-105,Harkraft,Subcontract,Closet Shelving,Synced,Approved,Yes,23684.08,0,23684.08,0,0,22499.88,0,0,23684.08,,Yes,Harkraft,,55441,"13310 Industrial Park Blvd, Suite 164",MN,Fendler Patterson Construction,(763) 542-9215,(763) 544-4478,25-117,Orchard Path III,Plymouth,,6/26/2025,FP Subcontract,,Tim Smith,10,Ben Urness,"Fendler Patterson Construction, Inc; PHS Apple Valley Senior Housing, Inc.; UMB Bank, National Association"
SC-25-117-113,All Inc.,Subcontract,Appliances,Synced,Approved,No,387418.98,9518.69,396937.67,0,0,377090.78,0,0,396937.67,,Yes,All Inc.,,55107,185 W. Plato Blvd.,MN,Fendler Patterson Construction,(651) 292-0541,(651) 227-6331,25-117,Orchard Path III,St. Paul,,,FP Subcontract,,Ryan Yursi,10,Ben Urness,"Fendler Patterson Construction, Inc; PHS Apple Valley Senior Housing, Inc.; UMB Bank, National Association"
SC-25-117-101,Indigo Signs - Fargo,Subcontract,Traffic Signage,Synced,Approved,Yes,4233.1,0,4233.1,0,0,0,0,0,4233.1,,Yes,Indigo Signs - Fargo,,58103,1622 Main Ave,ND,Fendler Patterson Construction,(701) 297-9697,(701) 297-9696,25-117,Orchard Path III,Fargo,,1/21/2026,FP Subcontract,,Greg Rendall,10,Ben Urness,"Fendler Patterson Construction, Inc; PHS Apple Valley Senior Housing, Inc.; UMB Bank, National Association"
PO-25-117-104,"CBG Midwest, LLC dba BMSI",Purchase Order,"Supply Bike Racks, FECs, TA",Synced,Approved,Yes,69074,36719.48,105793.48,0,0,85683.68,0,0,105793.48,,Yes,"CBG Midwest, LLC dba BMSI",,55435,4555 West 77th Street,MN,Fendler Patterson Construction,(763) 252-5552,(763) 252-5555,25-117,Orchard Path III,Edina,,12/4/2025,,FP Purchase Order,Steve Thompson,,Ben Urness,
SC-25-117-102,Midwest Fence & Mfg. Co.,Subcontract,Storage Fencing,Synced,Approved,Yes,25252,0,25252,0,0,0,0,0,25252,,Yes,Midwest Fence & Mfg. Co.,,55075,525 East Villaume Ave,MN,Fendler Patterson Construction,(651) 451-6939,(651) 451-2221,25-117,Orchard Path III,South St. Paul,paulc@midwestfenceco.com,6/2/2026,FP Subcontract,,Todd Renfors,10,Ben Urness,"Fendler Patterson Construction, Inc; PHS Apple Valley Senior Housing, Inc.; UMB Bank, National Association"
PO-25-117-081,Builders Millwork Inc,Purchase Order,"Doors, F, H & Millwork",Synced,Approved,Yes,531207,10282,541489,0,0,522989,0,0,541489,,Yes,Builders Millwork Inc,,54755,250 Industrial Drive,WI,Fendler Patterson Construction,,(715) 926-3833,25-117,Orchard Path III,Mondovi,,7/16/2025,,,Tim Sabelko,,Ben Urness,
PO-25-117-083,Nystrom,Purchase Order,Access Door Panels,Synced,Approved,Yes,21600,533.05,22133.05,0,0,22133.05,0,0,22133.05,,Yes,Nystrom,,55428,9300 73rd Ave N,MN,Fendler Patterson Construction,(866) 900-1959,(800) 547-2635,25-117,Orchard Path III,Minneapolis,,9/4/2025,,,Amy Meyer,,Ben Urness,
SC-25-117-0795,Carciofini Company,Subcontract,Expansion Joints,Synced,Approved,Yes,24535,7695,32230,0,0,27007.55,0,0,32230,,Yes,Carciofini Company,,55306,14380 W Burnsville Parkway,MN,Fendler Patterson Construction,(952) 252-0304,(952) 252-0303,25-117,Orchard Path III,Burnsville,,7/29/2025,FP Subcontract,,Adam Bauchle,10,Ben Urness,"Fendler Patterson Construction, Inc; PHS Apple Valley Senior Housing, Inc.; UMB Bank, National Association"
SC-25-117-092,"MCI Paint & Drywall, Inc.",Subcontract,Drywall and Paint,Synced,Approved,Yes,1200551,53520,1254071,0,0,1137421.7,0,0,1254071,,Yes,"MCI Paint & Drywall, Inc.",,55337,"12701 Chowen Ave So
Suite 102B",MN,Fendler Patterson Construction,,(952) 985-7778,25-117,Orchard Path III,Burnsville,,8/27/2025,FP Subcontract,,Scott Jensen,10,Ben Urness,"Fendler Patterson Construction, Inc; PHS Apple Valley Senior Housing, Inc.; UMB Bank, National Association"
SC-25-117-093,Precision Floors,Subcontract,Flooring,Synced,Approved,Yes,377000,71754.04,448754.04,825,0,414752.42,0,0,448754.04,,Yes,Precision Floors,,55413,"732 Harding St NE, Suite B",MN,Fendler Patterson Construction,,(612) 860-0102,25-117,Orchard Path III,Minneapolis,,8/26/2025,FP Subcontract,,Houston Spooner,10,Ben Urness,"Fendler Patterson Construction, Inc; PHS Apple Valley Senior Housing, Inc.; UMB Bank, National Association"
SC-25-117-1028,Installed Building Solutions,Subcontract,Shower Doors,Synced,Approved,No,98175,0,98175,0,0,89632.5,0,0,98175,,Yes,Installed Building Solutions,,55024,21025 Edmonton Ave,MN,Fendler Patterson Construction,651-463-9339,651-463-9333,25-117,Orchard Path III,Farmington,,,FP Subcontract,,Tony Berg,10,Ben Urness,"Fendler Patterson Construction, Inc; PHS Apple Valley Senior Housing, Inc.; UMB Bank, National Association"
SC-25-117-033,ATR Commercial Flooring,Subcontract,Gypcrete,Synced,Approved,Yes,216000,10200,226200,0,0,214890,0,0,226200,,Yes,ATR Commercial Flooring,,55432,7108 Commerce Circle W,MN,Fendler Patterson Construction,,(651) 463-1250,25-117,Orchard Path III,Fridley,,9/19/2025,FP Subcontract,,Larry Tolle,10,Ben Urness,"Fendler Patterson Construction, Inc; PHS Apple Valley Senior Housing, Inc.; UMB Bank, National Association"
SC-25-117-0721,Voeller Insulation Inc.,Subcontract,Insulation,Synced,Approved,Yes,300620,-77377.52,223242.48,0,0,222530.32,0,0,223242.48,,Yes,Voeller Insulation Inc.,,55369,11720 Brockton Lane,MN,Fendler Patterson Construction,763-416-2191,763-416-8183,25-117,Orchard Path III,Maple Grove,kvoeller@voellerinsulation.com,10/20/2025,FP Subcontract,,Kevin Voeller,10,Ben Urness,"Fendler Patterson Construction, Inc; PHS Apple Valley Senior Housing, Inc.; UMB Bank, National Association"
SC-25-117-0722,"Highmark Exteriors, LLC",Subcontract,"Siding, Roofing, Gutters",Synced,Approved,Yes,689858,43559,733417,3846,0,665626.05,0,0,733417,,Yes,"Highmark Exteriors, LLC",,55378,8720 Eagle Creek Pkwy,MN,Fendler Patterson Construction,,(952) 882-8904,25-117,Orchard Path III,Savage,,9/25/2025,FP Subcontract,,Tyler Glenn,10,Ben Urness,"Fendler Patterson Construction, Inc; PHS Apple Valley Senior Housing, Inc.; UMB Bank, National Association"
SC-25-117-0930,Precision Floors,Subcontract,Tile,Synced,Approved,Yes,83500,1380.29,84880.29,0,0,75075.93,0,0,84880.29,,Yes,Precision Floors,,55413,"732 Harding St NE, Suite B",MN,Fendler Patterson Construction,,(612) 860-0102,25-117,Orchard Path III,Minneapolis,,10/8/2025,FP Subcontract,,Houston Spooner,10,Ben Urness,"Fendler Patterson Construction, Inc; PHS Apple Valley Senior Housing, Inc.; UMB Bank, National Association"
SC-25-117-0840,Artic Glass Company,Subcontract,Aluminum Entrances,Synced,Approved,Yes,158542,15813,174355,0,0,147107.5,0,0,174355,,Yes,Artic Glass Company,,55447,"14940 28th Ave N
Suite B",MN,Fendler Patterson Construction,(763) 780-8019,(763) 780-8011,25-117,Orchard Path III,Plymouth,,10/20/2025,FP Subcontract,,Carson Partain,10,Ben Urness,"Fendler Patterson Construction, Inc; PHS Apple Valley Senior Housing, Inc.; UMB Bank, National Association"
PO-25-117-725,JB Construction Company,Purchase Order,Weather Barriers,Synced,Approved,Yes,38488.18,23247.64,61735.82,0,0,58649.02,0,0,61735.82,,Yes,JB Construction Company,,55379,587 Citation Dr,MN,Fendler Patterson Construction,,,25-117,Orchard Path III,Shakopee,,10/9/2025,,FP Purchase Order,,,,
SC-25-117-095,"Minnesota Acoustics, Inc.",Subcontract,Acoustic Ceiling Tiles,Synced,Approved,Yes,112500,39650,152150,0,0,144542.5,0,0,152150,,Yes,"Minnesota Acoustics, Inc.",,55369,8770 Jefferson Hwy,MN,Fendler Patterson Construction,(763) 424-7273,(763) 424-7272,25-117,Orchard Path III,Maple Grove,,10/22/2025,FP Subcontract,,Lance Hoff,10,Ben Urness,"Fendler Patterson Construction, Inc; PHS Apple Valley Senior Housing, Inc.; UMB Bank, National Association"
SC-25-117-040,Installed Building Solutions,Subcontract,Masonry Veneer,Synced,Approved,Yes,516812.35,11000,527812.35,0,0,97379.75,0,0,527812.35,,Yes,Installed Building Solutions,,55024,21025 Edmonton Ave,MN,Fendler Patterson Construction,651-463-9339,651-463-9333,25-117,Orchard Path III,Farmington,,,FP Subcontract,,Tyler Lego,10,Ben Urness,"Fendler Patterson Construction, Inc; PHS Apple Valley Senior Housing, Inc.; UMB Bank, National Association"
SC-25-117-079 ,Contract Caulking Inc.,Subcontract,Joint Sealants,Synced,Approved,Yes,87400,1005,88405,0,0,57289.75,0,0,88405,,Yes,Contract Caulking Inc.,,55434,10843 Fillmore St NE,MN,Fendler Patterson Construction,(763) 755-9251,(763) 755-5876,25-117,Orchard Path III,Blaine,,11/12/2025,FP Subcontract,,John Falck,10,Ben Urness,"Fendler Patterson Construction, Inc; PHS Apple Valley Senior Housing, Inc.; UMB Bank, National Association"
SC-25-117-088,North American Art,Subcontract,Residential Mirrors,Synced,Approved,Yes,35884.01,974.68,36858.69,0,0,35015.74,0,0,36858.69,,Yes,North American Art,,55418,2845 Anthony Lane South,MN,Fendler Patterson Construction,,(651) 776-8998,25-117,Orchard Path III,St. Anthony,,12/4/2025,FP Subcontract,,Greg Hennes,10,Ben Urness,"Fendler Patterson Construction, Inc; PHS Apple Valley Senior Housing, Inc.; UMB Bank, National Association"
SC-25-117-122,CE Contract,Subcontract,Window Treatments,Synced,Approved,Yes,134500,-1250,133250,0,0,48140.3,0,0,133250,,Yes,CE Contract,,55344,7174 Shady Oak Rd.,MN,Fendler Patterson Construction,(952) 895-5108,(952) 693-5105,25-117,Orchard Path III,Eden Prarie,,3/17/2026,FP Subcontract,,Derek Ugland,10,Ben Urness,"Fendler Patterson Construction, Inc; PHS Apple Valley Senior Housing, Inc.; UMB Bank, National Association"
SC-25-117-321,"North Country Concrete, Inc.",Subcontract,Site Concrete,Synced,Approved,Yes,84975,3356,88331,0,0,44330.8,0,0,88331,,Yes,"North Country Concrete, Inc.",,55005,23035 Ulysses Street NE,MN,Fendler Patterson Construction,(763) 576-8636,(763) 576-8602,25-117,Orchard Path III,East Bethel,,3/16/2026,FP Subcontract,,Aaron Virkus,10,Ben Urness,"Fendler Patterson Construction, Inc; PHS Apple Valley Senior Housing, Inc.; UMB Bank, National Association"
SC-25-117-322,"Bituminous Roadways, Inc",Subcontract,Asphalt Paving,Synced,Approved,Yes,84100,2116,86216,0,0,60177.75,0,0,86216,,Yes,"Bituminous Roadways, Inc",,55120,1520 Commerce Drive,MN,Fendler Patterson Construction,(651) 687-9857,(651) 686-7001,25-117,Orchard Path III,Mendota Heights,,5/7/2026,FP Subcontract,,Chase Lunke,10,Ben Urness,"Fendler Patterson Construction, Inc; PHS Apple Valley Senior Housing, Inc.; UMB Bank, National Association"
SC-25-117-0295,"Doran Resident Services, LLC",Subcontract,Final Cleaning,Synced,Approved,Yes,68759,2641,71400,0,0,32660.53,0,0,71400,,Yes,"Doran Resident Services, LLC",,55344,6423 City W Pkwy,MN,Fendler Patterson Construction,,(952) 641-9400,25-117,Orchard Path III,Eden Prairie,,1/28/2026,FP Subcontract,,Sharon Sievers,10,Ben Urness,"Fendler Patterson Construction, Inc; PHS Apple Valley Senior Housing, Inc.; UMB Bank, National Association"
SC-25-117-0323,Superior Decks & Railings,Subcontract,Privacy Screen,Synced,Approved,Yes,8741.39,0,8741.39,0,0,1412.92,0,0,8741.39,,Yes,Superior Decks & Railings,,55343,1315 5th Street S,MN,Fendler Patterson Construction,,(952) 246-1892,25-117,Orchard Path III,Hopkins,,3/16/2026,FP Subcontract,,Mike Winkels,10,Ben Urness,"Fendler Patterson Construction, Inc; PHS Apple Valley Senior Housing, Inc.; UMB Bank, National Association"
PO-25-117-067,Structureworks,Purchase Order,Pergolas,Synced,Approved,No,44428.38,0,44428.38,0,0,22814.67,0,0,44428.38,,Yes,Structureworks,,22408,3300 Dill Smith Dr,VA,Fendler Patterson Construction,,,25-117,Orchard Path III,Fredericksburg,,,,FP Purchase Order,,,,
SC-25-117-099,Finishing Touch Plus,Subcontract,Exterior Painting,Synced,Approved,Yes,70000,1640,71640,0,0,68058,0,0,71640,,Yes,Finishing Touch Plus,,54016,"1810 Crest View Dr
#4c",WI,Fendler Patterson Construction,,(715) 222-4687,25-117,Orchard Path III,Hudson,,4/30/2026,FP Subcontract,,David Hernandez,10,Ben Urness,"Fendler Patterson Construction, Inc; PHS Apple Valley Senior Housing, Inc.; UMB Bank, National Association"
_SC-25-117-000,"Fendler Patterson Construction, Inc",Subcontract,Subcontract Template,Not Ready,Draft,No,0,0,0,0,0,0,0,0,0,,Yes,"Fendler Patterson Construction, Inc",,55344,"10050 Crosstown Circle, Suite 110",MN,Fendler Patterson Construction,(952) 890-2916,(952) 890-4364,25-117,Orchard Path III,Eden Prairie,,,FP Subcontract,,Calvin Hayes,10,Calvin Hayes,"Fendler Patterson Construction, Inc; PHS Apple Valley Senior Housing, Inc.; UMB Bank, National Association"
_PO-25-117-001,"Fendler Patterson Construction, Inc",Purchase Order,Purchase Order Template,Not Ready,Draft,No,0,0,0,0,0,0,0,0,0,,Yes,"Fendler Patterson Construction, Inc",,55344,"10050 Crosstown Circle, Suite 110",MN,Fendler Patterson Construction,(952) 890-2916,(952) 890-4364,25-117,Orchard Path III,Eden Prairie,,,,,Ben Urness,,Ben Urness,
